"index","record_letter_count","accuracy","precision","recall","f1","sensitivity","specificity","jaccard","kappa"
"all",446.2,0.965,0.869166666666667,0.623880147630148,0.65893772163509,0.623880147630148,0.993423251042567,0.589331536519036,0.647206777870736
"Symptoms",481.652173913043,0.961222091656874,0.5,0.454347826086957,0.458074534161491,0.454347826086957,0.98749421358117,0.4351966873706,0.447632131723704
"Examinations",530.095238095238,0.908571428571429,0.619047619047619,0.467649281934996,0.499433106575964,0.467649281934996,0.988405797101449,0.467649281934996,0.484438385275719
"Procedures",344.181818181818,0.924901185770751,0.831168831168831,0.563636363636364,0.597691197691198,0.563636363636364,0.989177489177489,0.531168831168831,0.574540067727771
