"record_index","accuracy","precision","recall","f1","sensitivity","specificity","jaccard"
"average",0.961222091656874,0.5,0.454347826086957,0.458074534161491,0.454347826086957,0.98749421358117,0.4351966873706
