"record_index","accuracy","precision","recall","f1","sensitivity","specificity","jaccard"
"average",0.908571428571429,0.619047619047619,0.467649281934996,0.499433106575964,0.467649281934996,0.988405797101449,0.467649281934996
