"record_index","accuracy","precision","recall","f1","sensitivity","specificity","jaccard"
"average",0.924901185770751,0.831168831168831,0.563636363636364,0.597691197691198,0.563636363636364,0.989177489177489,0.531168831168831
