"sensitivity","specificity","accuracy","precision","recall","kappa","jaccard","f1"
0.0406259381209506,-0.639751372930828,-0.178956033563136,-0.4903868272691,0.0406259381209506,-0.0699189005137528,-0.0563288705139772,-0.048321220361537
